排名,图书地址
1,http://product.dangdang.com/21055821.html
2,http://product.dangdang.com/28518072.html
3,http://product.dangdang.com/29470275.html
4,http://product.dangdang.com/28992419.html
5,http://product.dangdang.com/29460961.html
6,http://product.dangdang.com/29577498.html
7,http://product.dangdang.com/29370653.html
8,http://product.dangdang.com/24008779.html
9,http://product.dangdang.com/29311943.html
10,http://product.dangdang.com/23394853.html
11,http://product.dangdang.com/25112867.html
12,http://product.dangdang.com/29323524.html
13,http://product.dangdang.com/102771.html
14,http://product.dangdang.com/29325113.html
15,http://product.dangdang.com/27878108.html
16,http://product.dangdang.com/25201859.html
17,http://product.dangdang.com/28993641.html
18,http://product.dangdang.com/29560081.html
19,http://product.dangdang.com/29463437.html
20,http://product.dangdang.com/29295452.html
21,http://product.dangdang.com/29577497.html
22,http://product.dangdang.com/26916963.html
23,http://product.dangdang.com/29343835.html
24,http://product.dangdang.com/29191016.html
25,http://product.dangdang.com/28473192.html
26,http://product.dangdang.com/25479247.html
27,http://product.dangdang.com/25157989.html
28,http://product.dangdang.com/25295369.html
29,http://product.dangdang.com/23579654.html
30,http://product.dangdang.com/25138856.html
31,http://product.dangdang.com/25211578.html
32,http://product.dangdang.com/29119834.html
33,http://product.dangdang.com/29490306.html
34,http://product.dangdang.com/27941248.html
35,http://product.dangdang.com/29132118.html
36,http://product.dangdang.com/25215595.html
37,http://product.dangdang.com/29471209.html
38,http://product.dangdang.com/26510848.html
39,http://product.dangdang.com/24184084.html
40,http://product.dangdang.com/29323150.html
41,http://product.dangdang.com/24175371.html
42,http://product.dangdang.com/27924057.html
43,http://product.dangdang.com/29576977.html
44,http://product.dangdang.com/25211719.html
45,http://product.dangdang.com/26186058.html
46,http://product.dangdang.com/28993447.html
47,http://product.dangdang.com/27931653.html
48,http://product.dangdang.com/25267253.html
49,http://product.dangdang.com/29471002.html
50,http://product.dangdang.com/25298376.html
51,http://product.dangdang.com/29143683.html
52,http://product.dangdang.com/23990140.html
53,http://product.dangdang.com/25268377.html
54,http://product.dangdang.com/26445650.html
55,http://product.dangdang.com/27898032.html
56,http://product.dangdang.com/25141585.html
57,http://product.dangdang.com/27854238.html
58,http://product.dangdang.com/29403076.html
59,http://product.dangdang.com/29584977.html
60,http://product.dangdang.com/25100818.html
61,http://product.dangdang.com/29167684.html
62,http://product.dangdang.com/25119332.html
63,http://product.dangdang.com/23769597.html
64,http://product.dangdang.com/29568955.html
65,http://product.dangdang.com/28533668.html
66,http://product.dangdang.com/20694746.html
67,http://product.dangdang.com/28973600.html
68,http://product.dangdang.com/27913770.html
69,http://product.dangdang.com/25307380.html
70,http://product.dangdang.com/29452366.html
71,http://product.dangdang.com/27898031.html
72,http://product.dangdang.com/25167661.html
73,http://product.dangdang.com/25163221.html
74,http://product.dangdang.com/29576637.html
75,http://product.dangdang.com/24197834.html
76,http://product.dangdang.com/29548690.html
77,http://product.dangdang.com/29437347.html
78,http://product.dangdang.com/29459320.html
79,http://product.dangdang.com/29558467.html
80,http://product.dangdang.com/23806802.html
81,http://product.dangdang.com/25272786.html
82,http://product.dangdang.com/29174191.html
83,http://product.dangdang.com/29376006.html
84,http://product.dangdang.com/29253799.html
85,http://product.dangdang.com/27925275.html
86,http://product.dangdang.com/29513342.html
87,http://product.dangdang.com/29302272.html
88,http://product.dangdang.com/29253544.html
89,http://product.dangdang.com/29474173.html
90,http://product.dangdang.com/29273879.html
91,http://product.dangdang.com/23435948.html
92,http://product.dangdang.com/29483667.html
93,http://product.dangdang.com/25244709.html
94,http://product.dangdang.com/25084833.html
95,http://product.dangdang.com/27931206.html
96,http://product.dangdang.com/29545773.html
97,http://product.dangdang.com/24021172.html
98,http://product.dangdang.com/29550547.html
99,http://product.dangdang.com/23753565.html
100,http://product.dangdang.com/28976709.html
101,http://product.dangdang.com/27942606.html
102,http://product.dangdang.com/29517045.html
103,http://product.dangdang.com/27950678.html
104,http://product.dangdang.com/26919064.html
105,http://product.dangdang.com/28508891.html
106,http://product.dangdang.com/27921892.html
107,http://product.dangdang.com/29306753.html
108,http://product.dangdang.com/29582421.html
109,http://product.dangdang.com/25165143.html
110,http://product.dangdang.com/26440478.html
111,http://product.dangdang.com/29148971.html
112,http://product.dangdang.com/23327542.html
113,http://product.dangdang.com/24019291.html
114,http://product.dangdang.com/26490676.html
115,http://product.dangdang.com/20857833.html
116,http://product.dangdang.com/29465590.html
117,http://product.dangdang.com/29242306.html
118,http://product.dangdang.com/25573904.html
119,http://product.dangdang.com/22854398.html
120,http://product.dangdang.com/29262542.html
121,http://product.dangdang.com/29281158.html
122,http://product.dangdang.com/28997946.html
123,http://product.dangdang.com/29583905.html
124,http://product.dangdang.com/28527650.html
125,http://product.dangdang.com/23444350.html
126,http://product.dangdang.com/104336.html
127,http://product.dangdang.com/25236155.html
128,http://product.dangdang.com/29430035.html
129,http://product.dangdang.com/27856492.html
130,http://product.dangdang.com/28542693.html
131,http://product.dangdang.com/27380294.html
132,http://product.dangdang.com/29580185.html
133,http://product.dangdang.com/29378642.html
134,http://product.dangdang.com/25126132.html
135,http://product.dangdang.com/25267186.html
136,http://product.dangdang.com/29211508.html
137,http://product.dangdang.com/28483082.html
138,http://product.dangdang.com/29547621.html
139,http://product.dangdang.com/29117361.html
140,http://product.dangdang.com/25292348.html
141,http://product.dangdang.com/29328156.html
142,http://product.dangdang.com/29411264.html
143,http://product.dangdang.com/25095529.html
144,http://product.dangdang.com/28543444.html
145,http://product.dangdang.com/23778791.html
146,http://product.dangdang.com/29557086.html
147,http://product.dangdang.com/23946177.html
148,http://product.dangdang.com/29385401.html
149,http://product.dangdang.com/29407526.html
150,http://product.dangdang.com/29180031.html
151,http://product.dangdang.com/27937922.html
152,http://product.dangdang.com/25280365.html
153,http://product.dangdang.com/25215594.html
154,http://product.dangdang.com/29544295.html
155,http://product.dangdang.com/29519908.html
156,http://product.dangdang.com/29148110.html
157,http://product.dangdang.com/29589538.html
158,http://product.dangdang.com/29458676.html
159,http://product.dangdang.com/25311931.html
160,http://product.dangdang.com/29127509.html
161,http://product.dangdang.com/27912833.html
162,http://product.dangdang.com/28471088.html
163,http://product.dangdang.com/23678069.html
164,http://product.dangdang.com/29389062.html
165,http://product.dangdang.com/25233927.html
166,http://product.dangdang.com/26439969.html
167,http://product.dangdang.com/29329673.html
168,http://product.dangdang.com/29133667.html
169,http://product.dangdang.com/28981729.html
170,http://product.dangdang.com/29446816.html
171,http://product.dangdang.com/29277917.html
172,http://product.dangdang.com/29524419.html
173,http://product.dangdang.com/28979183.html
174,http://product.dangdang.com/25353527.html
175,http://product.dangdang.com/26312676.html
176,http://product.dangdang.com/29340228.html
177,http://product.dangdang.com/25275964.html
178,http://product.dangdang.com/29218560.html
179,http://product.dangdang.com/28558256.html
180,http://product.dangdang.com/23427436.html
181,http://product.dangdang.com/29471454.html
182,http://product.dangdang.com/25575797.html
183,http://product.dangdang.com/23645228.html
184,http://product.dangdang.com/29464694.html
185,http://product.dangdang.com/29356629.html
186,http://product.dangdang.com/23643237.html
187,http://product.dangdang.com/29295409.html
188,http://product.dangdang.com/25275955.html
189,http://product.dangdang.com/28976722.html
190,http://product.dangdang.com/29140217.html
191,http://product.dangdang.com/29233018.html
192,http://product.dangdang.com/29446815.html
193,http://product.dangdang.com/29568783.html
194,http://product.dangdang.com/29177689.html
195,http://product.dangdang.com/23696382.html
196,http://product.dangdang.com/29567893.html
197,http://product.dangdang.com/22627427.html
198,http://product.dangdang.com/23643238.html
199,http://product.dangdang.com/29142189.html
200,http://product.dangdang.com/25126137.html
201,http://product.dangdang.com/25069499.html
202,http://product.dangdang.com/28481444.html
203,http://product.dangdang.com/29128839.html
204,http://product.dangdang.com/23528840.html
205,http://product.dangdang.com/25246609.html
206,http://product.dangdang.com/29124262.html
207,http://product.dangdang.com/27941986.html
208,http://product.dangdang.com/29304286.html
209,http://product.dangdang.com/29463565.html
210,http://product.dangdang.com/29122988.html
211,http://product.dangdang.com/25171990.html
212,http://product.dangdang.com/24044642.html
213,http://product.dangdang.com/29353542.html
214,http://product.dangdang.com/29578957.html
215,http://product.dangdang.com/25278830.html
216,http://product.dangdang.com/29393845.html
217,http://product.dangdang.com/23752765.html
218,http://product.dangdang.com/27859276.html
219,http://product.dangdang.com/29270902.html
220,http://product.dangdang.com/29291249.html
221,http://product.dangdang.com/25089012.html
222,http://product.dangdang.com/25283736.html
223,http://product.dangdang.com/29510451.html
224,http://product.dangdang.com/26315049.html
225,http://product.dangdang.com/27898033.html
226,http://product.dangdang.com/29362824.html
227,http://product.dangdang.com/29249369.html
228,http://product.dangdang.com/29251809.html
229,http://product.dangdang.com/25267314.html
230,http://product.dangdang.com/29223969.html
231,http://product.dangdang.com/23953627.html
232,http://product.dangdang.com/28994936.html
233,http://product.dangdang.com/28530853.html
234,http://product.dangdang.com/28535531.html
235,http://product.dangdang.com/25099944.html
236,http://product.dangdang.com/29486881.html
237,http://product.dangdang.com/23311849.html
238,http://product.dangdang.com/29556479.html
239,http://product.dangdang.com/28486644.html
240,http://product.dangdang.com/27907989.html
241,http://product.dangdang.com/29413233.html
242,http://product.dangdang.com/25322131.html
243,http://product.dangdang.com/29386324.html
244,http://product.dangdang.com/29384636.html
245,http://product.dangdang.com/29497774.html
246,http://product.dangdang.com/25283717.html
247,http://product.dangdang.com/25284154.html
248,http://product.dangdang.com/29179605.html
249,http://product.dangdang.com/29296796.html
250,http://product.dangdang.com/25289386.html
251,http://product.dangdang.com/29325159.html
252,http://product.dangdang.com/23810105.html
253,http://product.dangdang.com/29418319.html
254,http://product.dangdang.com/105272.html
255,http://product.dangdang.com/29199440.html
256,http://product.dangdang.com/29580170.html
257,http://product.dangdang.com/25299909.html
258,http://product.dangdang.com/29587122.html
259,http://product.dangdang.com/29469090.html
260,http://product.dangdang.com/25112887.html
261,http://product.dangdang.com/29296795.html
262,http://product.dangdang.com/29159683.html
263,http://product.dangdang.com/27922796.html
264,http://product.dangdang.com/25166912.html
265,http://product.dangdang.com/25266601.html
266,http://product.dangdang.com/29389094.html
267,http://product.dangdang.com/29550576.html
268,http://product.dangdang.com/28524529.html
269,http://product.dangdang.com/29579906.html
270,http://product.dangdang.com/23739650.html
271,http://product.dangdang.com/24029891.html
272,http://product.dangdang.com/28995532.html
273,http://product.dangdang.com/29173387.html
274,http://product.dangdang.com/25238317.html
275,http://product.dangdang.com/29555834.html
276,http://product.dangdang.com/22925934.html
277,http://product.dangdang.com/27883695.html
278,http://product.dangdang.com/29409623.html
279,http://product.dangdang.com/27898728.html
280,http://product.dangdang.com/25096618.html
281,http://product.dangdang.com/29346298.html
282,http://product.dangdang.com/29428642.html
283,http://product.dangdang.com/27883645.html
284,http://product.dangdang.com/28527645.html
285,http://product.dangdang.com/27942697.html
286,http://product.dangdang.com/23445575.html
287,http://product.dangdang.com/23662022.html
288,http://product.dangdang.com/28546022.html
289,http://product.dangdang.com/24183943.html
290,http://product.dangdang.com/29263473.html
291,http://product.dangdang.com/29149544.html
292,http://product.dangdang.com/27872661.html
293,http://product.dangdang.com/29572389.html
294,http://product.dangdang.com/29442386.html
295,http://product.dangdang.com/29267111.html
296,http://product.dangdang.com/29444792.html
297,http://product.dangdang.com/29434619.html
298,http://product.dangdang.com/28495398.html
299,http://product.dangdang.com/29426166.html
300,http://product.dangdang.com/25072421.html
301,http://product.dangdang.com/23413230.html
302,http://product.dangdang.com/29590642.html
303,http://product.dangdang.com/27855156.html
304,http://product.dangdang.com/29579889.html
305,http://product.dangdang.com/29139748.html
306,http://product.dangdang.com/28473429.html
307,http://product.dangdang.com/25216077.html
308,http://product.dangdang.com/25110008.html
309,http://product.dangdang.com/25267185.html
310,http://product.dangdang.com/29343067.html
311,http://product.dangdang.com/25285505.html
312,http://product.dangdang.com/23323324.html
313,http://product.dangdang.com/27940824.html
314,http://product.dangdang.com/29519106.html
315,http://product.dangdang.com/29548390.html
316,http://product.dangdang.com/23785700.html
317,http://product.dangdang.com/29475407.html
318,http://product.dangdang.com/22854395.html
319,http://product.dangdang.com/29409127.html
320,http://product.dangdang.com/27875456.html
321,http://product.dangdang.com/28520581.html
322,http://product.dangdang.com/28530533.html
323,http://product.dangdang.com/29317307.html
324,http://product.dangdang.com/29424506.html
325,http://product.dangdang.com/25261327.html
326,http://product.dangdang.com/27923237.html
327,http://product.dangdang.com/29556947.html
328,http://product.dangdang.com/29366402.html
329,http://product.dangdang.com/25229341.html
330,http://product.dangdang.com/23828561.html
331,http://product.dangdang.com/29402546.html
332,http://product.dangdang.com/29318457.html
333,http://product.dangdang.com/29568421.html
334,http://product.dangdang.com/29261881.html
335,http://product.dangdang.com/28523790.html
336,http://product.dangdang.com/29386439.html
337,http://product.dangdang.com/25110012.html
338,http://product.dangdang.com/29566843.html
339,http://product.dangdang.com/29389821.html
340,http://product.dangdang.com/29512238.html
341,http://product.dangdang.com/29418046.html
342,http://product.dangdang.com/29387676.html
343,http://product.dangdang.com/27900637.html
344,http://product.dangdang.com/25141582.html
345,http://product.dangdang.com/29303382.html
346,http://product.dangdang.com/29322450.html
347,http://product.dangdang.com/22891331.html
348,http://product.dangdang.com/28972888.html
349,http://product.dangdang.com/29321350.html
350,http://product.dangdang.com/29288121.html
351,http://product.dangdang.com/29217984.html
352,http://product.dangdang.com/29477816.html
353,http://product.dangdang.com/29570065.html
354,http://product.dangdang.com/29329664.html
355,http://product.dangdang.com/25283704.html
356,http://product.dangdang.com/25229707.html
357,http://product.dangdang.com/28530854.html
358,http://product.dangdang.com/29306923.html
359,http://product.dangdang.com/27913762.html
360,http://product.dangdang.com/23715237.html
361,http://product.dangdang.com/25172978.html
362,http://product.dangdang.com/25267250.html
363,http://product.dangdang.com/27942467.html
364,http://product.dangdang.com/25573903.html
365,http://product.dangdang.com/22854397.html
366,http://product.dangdang.com/9239276.html
367,http://product.dangdang.com/27892205.html
368,http://product.dangdang.com/29477480.html
369,http://product.dangdang.com/28527649.html
370,http://product.dangdang.com/22917090.html
371,http://product.dangdang.com/28479620.html
372,http://product.dangdang.com/25323113.html
373,http://product.dangdang.com/29581805.html
374,http://product.dangdang.com/28469479.html
375,http://product.dangdang.com/25278339.html
376,http://product.dangdang.com/25234416.html
377,http://product.dangdang.com/23590266.html
378,http://product.dangdang.com/29298618.html
379,http://product.dangdang.com/29223970.html
380,http://product.dangdang.com/29460503.html
381,http://product.dangdang.com/29277023.html
382,http://product.dangdang.com/23839012.html
383,http://product.dangdang.com/27923589.html
384,http://product.dangdang.com/29579905.html
385,http://product.dangdang.com/29476099.html
386,http://product.dangdang.com/27902388.html
387,http://product.dangdang.com/29450689.html
388,http://product.dangdang.com/29272806.html
389,http://product.dangdang.com/25221236.html
390,http://product.dangdang.com/28985457.html
391,http://product.dangdang.com/29559108.html
392,http://product.dangdang.com/23717136.html
393,http://product.dangdang.com/23379456.html
394,http://product.dangdang.com/28480229.html
395,http://product.dangdang.com/29578846.html
396,http://product.dangdang.com/28985955.html
397,http://product.dangdang.com/29335621.html
398,http://product.dangdang.com/29458883.html
399,http://product.dangdang.com/29566217.html
400,http://product.dangdang.com/29409122.html
401,http://product.dangdang.com/29139774.html
402,http://product.dangdang.com/24186019.html
403,http://product.dangdang.com/29476504.html
404,http://product.dangdang.com/25284537.html
405,http://product.dangdang.com/25306003.html
406,http://product.dangdang.com/28977162.html
407,http://product.dangdang.com/25257727.html
408,http://product.dangdang.com/28530850.html
409,http://product.dangdang.com/26436754.html
410,http://product.dangdang.com/28972645.html
411,http://product.dangdang.com/25217316.html
412,http://product.dangdang.com/29354040.html
413,http://product.dangdang.com/29558104.html
414,http://product.dangdang.com/25267154.html
415,http://product.dangdang.com/26491814.html
416,http://product.dangdang.com/28981906.html
417,http://product.dangdang.com/27922256.html
418,http://product.dangdang.com/29468072.html
419,http://product.dangdang.com/22816624.html
420,http://product.dangdang.com/27883646.html
421,http://product.dangdang.com/27889594.html
422,http://product.dangdang.com/25309929.html
423,http://product.dangdang.com/25126131.html
424,http://product.dangdang.com/23820228.html
425,http://product.dangdang.com/25176229.html
426,http://product.dangdang.com/23938220.html
427,http://product.dangdang.com/20104118.html
428,http://product.dangdang.com/23761145.html
429,http://product.dangdang.com/29569409.html
430,http://product.dangdang.com/29298908.html
431,http://product.dangdang.com/25106955.html
432,http://product.dangdang.com/29507701.html
433,http://product.dangdang.com/23197949.html
434,http://product.dangdang.com/27883696.html
435,http://product.dangdang.com/29140216.html
436,http://product.dangdang.com/29271222.html
437,http://product.dangdang.com/24157995.html
438,http://product.dangdang.com/29552017.html
439,http://product.dangdang.com/29351602.html
440,http://product.dangdang.com/25126128.html
441,http://product.dangdang.com/29131841.html
442,http://product.dangdang.com/28520828.html
443,http://product.dangdang.com/29295726.html
444,http://product.dangdang.com/29236132.html
445,http://product.dangdang.com/29158141.html
446,http://product.dangdang.com/29557848.html
447,http://product.dangdang.com/29169679.html
448,http://product.dangdang.com/23924481.html
449,http://product.dangdang.com/29519026.html
450,http://product.dangdang.com/27942700.html
451,http://product.dangdang.com/29365643.html
452,http://product.dangdang.com/28547915.html
453,http://product.dangdang.com/28531227.html
454,http://product.dangdang.com/20803206.html
455,http://product.dangdang.com/25112879.html
456,http://product.dangdang.com/26516153.html
457,http://product.dangdang.com/29438940.html
458,http://product.dangdang.com/23312938.html
459,http://product.dangdang.com/29262870.html
460,http://product.dangdang.com/23992016.html
461,http://product.dangdang.com/29300633.html
462,http://product.dangdang.com/28532004.html
463,http://product.dangdang.com/28541672.html
464,http://product.dangdang.com/23181518.html
465,http://product.dangdang.com/29479131.html
466,http://product.dangdang.com/28992227.html
467,http://product.dangdang.com/25250150.html
468,http://product.dangdang.com/29447656.html
469,http://product.dangdang.com/102772.html
470,http://product.dangdang.com/23806793.html
471,http://product.dangdang.com/29546986.html
472,http://product.dangdang.com/28522850.html
473,http://product.dangdang.com/23194043.html
474,http://product.dangdang.com/25083654.html
475,http://product.dangdang.com/23840740.html
476,http://product.dangdang.com/23453874.html
477,http://product.dangdang.com/28992276.html
478,http://product.dangdang.com/23460606.html
479,http://product.dangdang.com/28531228.html
480,http://product.dangdang.com/28541326.html
481,http://product.dangdang.com/23880991.html
482,http://product.dangdang.com/28469677.html
483,http://product.dangdang.com/23742958.html
484,http://product.dangdang.com/25215906.html
485,http://product.dangdang.com/25232602.html
486,http://product.dangdang.com/25267189.html
487,http://product.dangdang.com/29368832.html
488,http://product.dangdang.com/29194727.html
489,http://product.dangdang.com/29371694.html
490,http://product.dangdang.com/29458023.html
491,http://product.dangdang.com/25229174.html
492,http://product.dangdang.com/27874293.html
493,http://product.dangdang.com/27889643.html
494,http://product.dangdang.com/29117676.html
495,http://product.dangdang.com/25289538.html
496,http://product.dangdang.com/25582851.html
497,http://product.dangdang.com/27869614.html
498,http://product.dangdang.com/29390789.html
499,http://product.dangdang.com/23643240.html
500,http://product.dangdang.com/25858687.html
